id,text,created_at,likes,retweets,user
7499315,Tesla stock is skyrocketing!,2024-11-06 17:25:58,192,169,user_33
2460632,Tesla is the best investment ever,2024-11-24 17:25:58,260,29,user_303
7218268,Tesla is the future of energy,2024-12-04 17:25:58,318,159,user_8
1136614,Many people are talking about Tesla products,2024-11-29 17:25:58,208,186,user_40
2700130,Tesla stock is trading flat today,2024-11-07 17:25:58,414,79,user_278
5495926,Tesla's quality control is terrible,2024-11-28 17:25:58,145,18,user_54
2451228,Tesla's quality control is terrible,2024-11-28 17:25:58,437,30,user_333
1893818,I love my Tesla Model X,2024-11-11 17:25:58,219,165,user_365
7702214,Tesla stock is trading flat today,2024-11-16 17:25:58,129,27,user_344
5761765,Tesla is the future of energy,2024-11-16 17:25:58,419,24,user_46
8415611,Tesla stock is trading flat today,2024-11-05 17:25:58,22,66,user_310
5144665,Tesla is the best investment ever,2024-11-07 17:25:58,282,134,user_76
2635912,I love my Tesla Model X,2024-11-10 17:25:58,213,5,user_75
5885552,Tesla stock is skyrocketing!,2024-11-14 17:25:58,25,26,user_434
2956577,Tesla's quality control is terrible,2024-11-18 17:25:58,98,40,user_303
8439375,Tesla stock is trading flat today,2024-11-12 17:25:58,369,35,user_263
9662424,Tesla just announced new features,2024-11-27 17:25:58,277,71,user_383
2871499,Elon Musk is ruining everything,2024-12-05 17:25:58,214,19,user_302
6896406,"Elon Musk is all hype, no substance",2024-11-25 17:25:58,124,45,user_405
7958166,I can’t wait to buy another Tesla,2024-11-18 17:25:58,101,79,user_432
5823882,Tesla products are unmatched,2024-11-14 17:25:58,101,150,user_312
4682848,Tesla has released a new update,2024-11-07 17:25:58,43,160,user_106
2021766,Elon Musk is trending again,2024-11-28 17:25:58,356,32,user_97
5858817,Elon Musk is the greatest entrepreneur of our time,2024-11-23 17:25:58,440,192,user_427
6602873,Elon will save us all,2024-11-13 17:25:58,399,1,user_97
6224665,Tesla just announced new features,2024-11-12 17:25:58,183,18,user_63
2247458,Tesla is a scam,2024-11-13 17:25:58,68,13,user_496
9448734,Elon Musk is trending again,2024-11-23 17:25:58,149,122,user_342
9142469,"Elon Musk is all hype, no substance",2024-11-26 17:25:58,293,167,user_246
1888656,Many people are talking about Tesla products,2024-11-24 17:25:58,139,59,user_291
8782385,Tesla stock is skyrocketing!,2024-12-03 17:25:58,272,144,user_298
5613031,I regret investing in Tesla,2024-11-05 17:25:58,420,32,user_15
4531792,Tesla stock is trading flat today,2024-12-05 17:25:58,123,32,user_253
4909015,Tesla has released a new update,2024-11-21 17:25:58,427,166,user_244
1689018,Tesla's new factory opened,2024-11-19 17:25:58,87,84,user_116
4758397,Elon will save us all,2024-11-19 17:25:58,300,180,user_278
7128585,Elon Musk should step down,2024-11-17 17:25:58,107,36,user_466
7322626,"Elon Musk is all hype, no substance",2024-11-24 17:25:58,153,38,user_275
1144025,Tesla has released a new update,2024-11-08 17:25:58,183,180,user_282
2453597,Elon Musk should step down,2024-12-01 17:25:58,194,23,user_410
9650145,Tesla just announced new features,2024-11-15 17:25:58,322,18,user_43
1768119,Tesla's new factory opened,2024-11-29 17:25:58,138,37,user_307
6684123,Tesla is the best investment ever,2024-11-19 17:25:58,196,159,user_141
4717651,Tesla stock is crashing,2024-11-25 17:25:58,79,154,user_107
8824138,Tesla just announced new features,2024-11-09 17:25:58,260,33,user_493
1550608,Tesla stock is skyrocketing!,2024-12-05 17:25:58,260,79,user_493
6477311,Tesla has a lot of potential,2024-11-30 17:25:58,380,140,user_453
7057984,Tesla stock is skyrocketing!,2024-11-16 17:25:58,382,198,user_97
6143916,"Thank you, Elon, for innovation",2024-11-10 17:25:58,208,22,user_98
9776697,Tesla is the best investment ever,2024-11-25 17:25:58,450,27,user_257
3834901,Tesla is the best investment ever,2024-11-14 17:25:58,192,102,user_52
1106679,I hate Tesla,2024-11-27 17:25:58,0,95,user_145
1042444,Elon Musk is trending again,2024-11-20 17:25:58,491,120,user_57
4166465,Tesla's quality control is terrible,2024-11-12 17:25:58,165,199,user_399
8911720,Tesla is the best investment ever,2024-11-17 17:25:58,289,84,user_476
3218627,Tesla cars are overpriced,2024-11-20 17:25:58,41,21,user_488
2372607,"Elon Musk is all hype, no substance",2024-11-23 17:25:58,36,98,user_63
1135871,Tesla stock is trading flat today,2024-11-10 17:25:58,92,130,user_383
2759961,Tesla's new factory opened,2024-11-05 17:25:58,108,127,user_287
6083704,Tesla stock is skyrocketing!,2024-12-02 17:25:58,204,26,user_168
5057074,Tesla's quality control is terrible,2024-11-15 17:25:58,327,177,user_261
4113106,I hate Tesla,2024-11-05 17:25:58,247,104,user_224
7642015,Tesla cars are overpriced,2024-11-29 17:25:58,172,6,user_463
9073980,Tesla products are unmatched,2024-11-26 17:25:58,266,82,user_429
4162813,Tesla cars are overpriced,2024-11-28 17:25:58,69,24,user_469
2540455,Many people are talking about Tesla products,2024-11-06 17:25:58,213,143,user_387
6221620,Elon Musk is trending again,2024-11-17 17:25:58,33,82,user_129
2481312,I hate Tesla,2024-11-11 17:25:58,213,68,user_213
4167589,Tesla has released a new update,2024-12-05 17:25:58,82,16,user_170
8103645,Many people are talking about Tesla products,2024-11-05 17:25:58,318,138,user_103
5277821,I hate Tesla,2024-12-03 17:25:58,323,195,user_91
6283496,"Elon Musk is all hype, no substance",2024-11-13 17:25:58,104,200,user_152
2925885,Tesla is the best investment ever,2024-11-30 17:25:58,479,42,user_351
2437744,Tesla stock is trading flat today,2024-11-11 17:25:58,36,62,user_3
9291430,Tesla's quality control is terrible,2024-11-26 17:25:58,255,96,user_38
1075516,Elon Musk is the greatest entrepreneur of our time,2024-11-13 17:25:58,215,106,user_95
3513036,I regret investing in Tesla,2024-11-05 17:25:58,136,32,user_195
9808039,Elon Musk is the greatest entrepreneur of our time,2024-11-29 17:25:58,36,156,user_14
4337433,Tesla products are unreliable,2024-12-04 17:25:58,251,17,user_132
1941554,Tesla has released a new update,2024-11-16 17:25:58,283,103,user_231
2460986,Tesla is the future of energy,2024-11-12 17:25:58,94,92,user_354
3376140,Tesla is the best investment ever,2024-11-12 17:25:58,266,154,user_208
6372063,I hate Tesla,2024-11-09 17:25:58,489,152,user_361
2877517,Elon Musk is the greatest entrepreneur of our time,2024-11-14 17:25:58,326,142,user_179
1890606,"Thank you, Elon, for innovation",2024-11-17 17:25:58,5,69,user_45
3637622,I hate Tesla,2024-11-17 17:25:58,142,130,user_269
3628600,I regret investing in Tesla,2024-11-15 17:25:58,223,68,user_64
2667902,Tesla products are unreliable,2024-11-10 17:25:58,41,122,user_475
7381342,Elon Musk should step down,2024-11-06 17:25:58,316,192,user_160
9519234,I love my Tesla Model X,2024-11-20 17:25:58,309,121,user_106
6124810,I hate Tesla,2024-11-18 17:25:58,373,141,user_151
3135040,"Thank you, Elon, for innovation",2024-11-25 17:25:58,250,55,user_498
8824800,Tesla stock is skyrocketing!,2024-11-30 17:25:58,315,198,user_42
2845196,Tesla's quality control is terrible,2024-11-22 17:25:58,180,45,user_47
6952065,Tesla has a lot of potential,2024-12-03 17:25:58,245,14,user_6
8886545,Tesla's autopilot is a lifesaver,2024-11-08 17:25:58,452,75,user_88
8399359,Tesla is the future of energy,2024-12-04 17:25:58,253,71,user_416
6294893,Tesla's quality control is terrible,2024-11-25 17:25:58,110,176,user_106
2667044,I can’t wait to buy another Tesla,2024-11-28 17:25:58,492,91,user_206
9417688,Tesla is the future of energy,2024-11-13 17:25:58,408,45,user_129
1947777,Tesla cars are overpriced,2024-11-19 17:25:58,20,134,user_447
5235123,Tesla's autopilot is a lifesaver,2024-11-12 17:25:58,294,71,user_123
4309625,Tesla has a lot of potential,2024-11-09 17:25:58,115,94,user_260
8932648,Elon will save us all,2024-11-22 17:25:58,216,24,user_45
4395555,Tesla's new factory opened,2024-12-03 17:25:58,489,50,user_36
3357268,Tesla is a scam,2024-11-10 17:25:58,317,198,user_343
5190517,"Elon Musk is all hype, no substance",2024-11-21 17:25:58,114,76,user_228
8295032,I hate Tesla,2024-11-17 17:25:58,489,133,user_320
1921085,Tesla is a scam,2024-11-22 17:25:58,463,180,user_11
9496332,Tesla has released a new update,2024-11-13 17:25:58,444,19,user_163
9839858,Elon Musk is ruining everything,2024-11-28 17:25:58,455,18,user_405
3370193,Tesla is the future of energy,2024-11-05 17:25:58,364,13,user_230
4869781,Tesla is the best investment ever,2024-11-11 17:25:58,221,175,user_469
4762338,Tesla's new factory opened,2024-11-08 17:25:58,171,57,user_6
4568539,"Thank you, Elon, for innovation",2024-11-13 17:25:58,323,159,user_8
7727528,Tesla stock is crashing,2024-11-21 17:25:58,407,32,user_103
4173613,Tesla's new factory opened,2024-11-18 17:25:58,211,63,user_294
3533888,Tesla's quality control is terrible,2024-11-23 17:25:58,402,180,user_493
9476374,Tesla has a lot of potential,2024-11-18 17:25:58,57,196,user_234
6314398,Elon will save us all,2024-11-05 17:25:58,344,109,user_138
2681710,I hate Tesla,2024-11-10 17:25:58,402,24,user_54
5856404,Tesla is the future of energy,2024-11-28 17:25:58,218,7,user_226
6268427,Elon Musk is trending again,2024-11-28 17:25:58,167,192,user_374
1304227,Tesla stock is crashing,2024-11-18 17:25:58,157,133,user_395
7023930,Tesla's new factory opened,2024-11-06 17:25:58,461,134,user_481
1867073,Elon Musk is the greatest entrepreneur of our time,2024-11-13 17:25:58,52,44,user_175
1783306,Elon Musk is ruining everything,2024-11-23 17:25:58,69,49,user_439
5464230,Elon Musk is the greatest entrepreneur of our time,2024-11-21 17:25:58,199,146,user_314
4177726,"Elon Musk is all hype, no substance",2024-11-21 17:25:58,381,186,user_272
4923783,Tesla just announced new features,2024-11-11 17:25:58,472,95,user_131
3748514,I hate Tesla,2024-11-11 17:25:58,428,134,user_453
8587181,"Thank you, Elon, for innovation",2024-11-07 17:25:58,350,97,user_12
5028343,"Thank you, Elon, for innovation",2024-11-16 17:25:58,229,115,user_118
7402572,Tesla's new factory opened,2024-12-02 17:25:58,7,111,user_149
2157614,Tesla's new factory opened,2024-11-14 17:25:58,162,28,user_81
4717261,Tesla stock is crashing,2024-11-19 17:25:58,353,192,user_328
4778813,Elon Musk is the greatest entrepreneur of our time,2024-12-01 17:25:58,21,118,user_161
3666967,I hate Tesla,2024-11-09 17:25:58,258,34,user_444
8650961,Tesla is the best investment ever,2024-11-19 17:25:58,55,160,user_428
6055619,Elon Musk is the greatest entrepreneur of our time,2024-11-21 17:25:58,303,163,user_156
1098071,Tesla's autopilot is a lifesaver,2024-11-13 17:25:58,475,28,user_261
4291244,Tesla stock is crashing,2024-11-29 17:25:58,285,16,user_54
2520454,Tesla products are unreliable,2024-11-25 17:25:58,241,133,user_498
5394260,Tesla stock is trading flat today,2024-11-27 17:25:58,321,96,user_333
2429181,Many people are talking about Tesla products,2024-11-30 17:25:58,186,34,user_222
3788909,Tesla's quality control is terrible,2024-11-26 17:25:58,191,97,user_407
4689554,Tesla's autopilot is a lifesaver,2024-11-08 17:25:58,93,86,user_490
7255828,Tesla has a lot of potential,2024-11-13 17:25:58,224,21,user_457
2030144,I can’t wait to buy another Tesla,2024-11-25 17:25:58,327,49,user_160
6494013,"Elon Musk is all hype, no substance",2024-11-28 17:25:58,224,192,user_98
1330133,I hate Tesla,2024-11-18 17:25:58,89,93,user_471
8281546,Tesla stock is crashing,2024-11-17 17:25:58,180,143,user_28
6633050,I regret investing in Tesla,2024-11-27 17:25:58,463,28,user_493
1019400,Tesla stock is trading flat today,2024-12-04 17:25:58,163,63,user_12
8031944,Tesla has a lot of potential,2024-11-09 17:25:58,387,144,user_48
6961395,Tesla has released a new update,2024-11-22 17:25:58,395,67,user_359
5933109,I hate Tesla,2024-11-21 17:25:58,134,84,user_321
5735678,"Thank you, Elon, for innovation",2024-11-16 17:25:58,237,13,user_205
9281281,Tesla just announced new features,2024-11-08 17:25:58,473,37,user_241
3166825,Elon Musk should step down,2024-12-03 17:25:58,465,28,user_407
8592221,Tesla stock is trading flat today,2024-12-01 17:25:58,210,57,user_374
4881346,Tesla just announced new features,2024-12-02 17:25:58,110,62,user_341
9865422,Tesla's quality control is terrible,2024-11-08 17:25:58,453,69,user_265
7641319,Tesla has a lot of potential,2024-12-02 17:25:58,486,16,user_26
2598455,Elon Musk is trending again,2024-11-12 17:25:58,362,198,user_475
7213112,Tesla's quality control is terrible,2024-11-19 17:25:58,423,77,user_192
6375748,I can’t wait to buy another Tesla,2024-11-15 17:25:58,61,184,user_292
7712794,Tesla stock is trading flat today,2024-11-14 17:25:58,325,186,user_36
7723834,"Thank you, Elon, for innovation",2024-11-26 17:25:58,260,94,user_227
3339402,Tesla is the future of energy,2024-11-26 17:25:58,362,10,user_257
9994657,Tesla is the best investment ever,2024-12-01 17:25:58,154,154,user_143
1727652,Tesla's autopilot is a lifesaver,2024-11-12 17:25:58,53,174,user_479
9883459,Tesla stock is trading flat today,2024-11-09 17:25:58,490,51,user_49
5369324,Tesla just announced new features,2024-11-14 17:25:58,492,51,user_91
2443115,Tesla products are unreliable,2024-11-13 17:25:58,217,165,user_329
3652427,Elon Musk is trending again,2024-11-12 17:25:58,271,146,user_132
5160327,Tesla is a scam,2024-12-05 17:25:58,90,77,user_119
2947575,"Thank you, Elon, for innovation",2024-12-04 17:25:58,374,27,user_60
2699717,"Thank you, Elon, for innovation",2024-11-30 17:25:58,411,63,user_449
8096808,"Thank you, Elon, for innovation",2024-11-28 17:25:58,131,116,user_6
3471247,Tesla products are unmatched,2024-11-27 17:25:58,184,170,user_426
4414227,Elon Musk is the greatest entrepreneur of our time,2024-11-23 17:25:58,157,44,user_123
2562356,I hate Tesla,2024-11-28 17:25:58,338,23,user_227
8686999,Tesla's new factory opened,2024-11-17 17:25:58,300,111,user_40
7923208,Elon Musk should step down,2024-11-07 17:25:58,232,46,user_439
8650315,Elon Musk is trending again,2024-11-29 17:25:58,27,94,user_213
6119764,Elon Musk is ruining everything,2024-11-17 17:25:58,179,183,user_307
6855124,Tesla just announced new features,2024-11-25 17:25:58,146,155,user_43
5440197,Tesla's quality control is terrible,2024-12-01 17:25:58,174,93,user_397
1122742,Tesla stock is crashing,2024-11-26 17:25:58,397,41,user_127
7966678,Elon Musk is trending again,2024-11-18 17:25:58,472,184,user_440
3898401,Tesla cars are overpriced,2024-12-04 17:25:58,75,155,user_330
4904854,Tesla is the best investment ever,2024-11-30 17:25:58,13,1,user_141
6148160,Tesla is the future of energy,2024-11-28 17:25:58,146,5,user_498
3506673,Tesla's quality control is terrible,2024-11-17 17:25:58,486,162,user_154
3766446,Tesla's autopilot is a lifesaver,2024-11-09 17:25:58,230,0,user_457
4733531,I can’t wait to buy another Tesla,2024-11-07 17:25:58,48,142,user_489
3470429,Elon Musk is the greatest entrepreneur of our time,2024-11-20 17:25:58,291,33,user_498
4089139,Tesla stock is skyrocketing!,2024-11-18 17:25:58,426,96,user_7
2899879,Tesla products are unreliable,2024-11-27 17:25:58,160,79,user_403
6821000,Elon Musk is trending again,2024-11-11 17:25:58,209,35,user_228
5135901,Tesla has released a new update,2024-12-01 17:25:58,460,31,user_10
9822208,I hate Tesla,2024-11-26 17:25:58,12,8,user_144
4212055,Elon Musk should step down,2024-11-11 17:25:58,325,34,user_488
9869419,"Elon Musk is all hype, no substance",2024-11-21 17:25:58,255,168,user_457
1988654,"Thank you, Elon, for innovation",2024-11-06 17:25:58,483,76,user_496
1839101,Elon Musk is the greatest entrepreneur of our time,2024-12-04 17:25:58,494,154,user_106
4593711,I regret investing in Tesla,2024-12-02 17:25:58,451,160,user_435
6071587,Many people are talking about Tesla products,2024-12-03 17:25:58,168,132,user_158
2177814,Tesla's quality control is terrible,2024-11-16 17:25:58,279,63,user_273
3699975,Elon Musk is trending again,2024-11-08 17:25:58,145,118,user_95
2568296,Elon Musk is ruining everything,2024-11-27 17:25:58,275,91,user_161
1009671,Tesla stock is crashing,2024-11-16 17:25:58,443,148,user_120
7319012,Elon Musk is trending again,2024-11-27 17:25:58,271,178,user_132
6814993,Tesla is the best investment ever,2024-11-13 17:25:58,171,86,user_205
5006416,I hate Tesla,2024-11-24 17:25:58,324,153,user_220
5677098,Tesla products are unreliable,2024-11-25 17:25:58,85,57,user_351
7297357,Tesla just announced new features,2024-11-20 17:25:58,323,164,user_114
6759882,"Elon Musk is all hype, no substance",2024-11-24 17:25:58,340,163,user_29
4024270,I love my Tesla Model X,2024-11-19 17:25:58,352,192,user_483
9641968,Tesla is the best investment ever,2024-11-14 17:25:58,255,141,user_308
7406157,Elon Musk is the greatest entrepreneur of our time,2024-11-26 17:25:58,335,174,user_83
4880841,Tesla stock is crashing,2024-11-29 17:25:58,173,174,user_168
1788125,I regret investing in Tesla,2024-11-23 17:25:58,216,76,user_154
3768686,Many people are talking about Tesla products,2024-11-11 17:25:58,65,69,user_265
1784447,Elon Musk is ruining everything,2024-11-29 17:25:58,464,184,user_463
9981679,Tesla's autopilot is a lifesaver,2024-11-29 17:25:58,482,87,user_307
1529964,Tesla's new factory opened,2024-11-11 17:25:58,376,181,user_119
3269448,"Elon Musk is all hype, no substance",2024-11-29 17:25:58,266,166,user_138
6805462,Elon Musk is trending again,2024-11-12 17:25:58,95,191,user_271
2446369,Tesla is the best investment ever,2024-12-04 17:25:58,100,128,user_168
5516208,I love my Tesla Model X,2024-11-06 17:25:58,302,172,user_355
6300350,"Elon Musk is all hype, no substance",2024-11-24 17:25:58,93,10,user_33
8940071,Tesla products are unmatched,2024-12-05 17:25:58,1,136,user_368
3984858,"Elon Musk is all hype, no substance",2024-11-16 17:25:58,337,158,user_248
1910728,Tesla's quality control is terrible,2024-11-27 17:25:58,403,194,user_100
8380521,Tesla stock is crashing,2024-11-30 17:25:58,45,147,user_53
7703376,Elon will save us all,2024-11-11 17:25:58,357,140,user_192
2021609,Tesla stock is skyrocketing!,2024-11-22 17:25:58,310,165,user_173
9287596,Tesla cars are overpriced,2024-11-27 17:25:58,429,124,user_265
8790264,Tesla stock is skyrocketing!,2024-12-03 17:25:58,420,112,user_271
2808677,Tesla stock is trading flat today,2024-11-09 17:25:58,348,179,user_182
3831214,Tesla products are unreliable,2024-11-29 17:25:58,167,183,user_279
5076887,Tesla's quality control is terrible,2024-11-16 17:25:58,263,177,user_422
2223539,Tesla is the future of energy,2024-11-11 17:25:58,5,169,user_74
3793546,Tesla's quality control is terrible,2024-11-29 17:25:58,97,33,user_432
8233166,Tesla's new factory opened,2024-11-05 17:25:58,290,101,user_70
2481350,Tesla's new factory opened,2024-11-10 17:25:58,442,171,user_250
4625118,Elon Musk is ruining everything,2024-11-10 17:25:58,315,136,user_277
5027188,Tesla's autopilot is a lifesaver,2024-11-11 17:25:58,123,40,user_343
2545528,Elon Musk is the greatest entrepreneur of our time,2024-11-13 17:25:58,16,116,user_286
8997228,Tesla's autopilot is a lifesaver,2024-11-20 17:25:58,134,199,user_403
4389740,Tesla has a lot of potential,2024-11-14 17:25:58,348,6,user_213
3509245,Tesla's quality control is terrible,2024-11-08 17:25:58,64,120,user_218
6463572,Tesla's new factory opened,2024-11-10 17:25:58,357,115,user_328
1113854,Tesla's quality control is terrible,2024-11-18 17:25:58,490,157,user_157
5177390,Tesla's new factory opened,2024-11-25 17:25:58,270,65,user_53
6182686,Tesla is the future of energy,2024-12-04 17:25:58,197,35,user_24
4747462,Tesla products are unmatched,2024-11-07 17:25:58,409,22,user_159
8396140,Many people are talking about Tesla products,2024-12-04 17:25:58,148,173,user_490
1074159,Elon will save us all,2024-11-12 17:25:58,288,111,user_346
2706339,Tesla stock is skyrocketing!,2024-11-21 17:25:58,110,31,user_171
7908392,Tesla products are unmatched,2024-11-09 17:25:58,461,142,user_155
6494485,Tesla's new factory opened,2024-11-13 17:25:58,453,171,user_445
8002076,I regret investing in Tesla,2024-11-16 17:25:58,78,3,user_237
8210586,Tesla products are unreliable,2024-11-08 17:25:58,375,97,user_31
1308529,Tesla is a scam,2024-12-01 17:25:58,446,196,user_121
9254986,Tesla stock is trading flat today,2024-11-20 17:25:58,372,112,user_301
6464903,Tesla products are unreliable,2024-11-25 17:25:58,25,12,user_209
6649767,Elon Musk is ruining everything,2024-11-28 17:25:58,228,98,user_299
5159843,I hate Tesla,2024-11-27 17:25:58,223,110,user_207
5586229,I love my Tesla Model X,2024-11-29 17:25:58,424,114,user_374
6867833,I hate Tesla,2024-12-04 17:25:58,197,39,user_500
7242974,Elon Musk is trending again,2024-11-29 17:25:58,187,148,user_186
3915081,Tesla's autopilot is a lifesaver,2024-12-05 17:25:58,430,153,user_85
5534402,Tesla cars are overpriced,2024-11-09 17:25:58,100,14,user_87
5863474,Tesla's autopilot is a lifesaver,2024-11-05 17:25:58,123,149,user_347
9223938,Tesla's quality control is terrible,2024-11-17 17:25:58,32,16,user_81
8819104,Tesla is the best investment ever,2024-11-28 17:25:58,214,59,user_433
3645059,Tesla has released a new update,2024-12-05 17:25:58,149,123,user_238
5134640,I regret investing in Tesla,2024-11-21 17:25:58,8,158,user_263
9517396,Tesla's quality control is terrible,2024-11-27 17:25:58,136,17,user_389
5798243,Elon Musk is the greatest entrepreneur of our time,2024-12-02 17:25:58,148,149,user_70
4602579,Tesla products are unmatched,2024-11-14 17:25:58,0,90,user_6
1641324,Tesla cars are overpriced,2024-11-29 17:25:58,452,63,user_251
4621606,Tesla has released a new update,2024-11-21 17:25:58,441,166,user_199
6806180,Tesla stock is skyrocketing!,2024-11-16 17:25:58,231,167,user_89
6795965,I can’t wait to buy another Tesla,2024-11-23 17:25:58,217,114,user_255
7923067,Tesla stock is crashing,2024-11-23 17:25:58,174,62,user_170
9745629,Tesla is the future of energy,2024-12-02 17:25:58,284,2,user_75
4267310,Elon will save us all,2024-12-05 17:25:58,297,196,user_106
5150722,Many people are talking about Tesla products,2024-11-12 17:25:58,322,80,user_241
4785005,Tesla stock is crashing,2024-11-08 17:25:58,171,19,user_457
7221622,Elon will save us all,2024-11-20 17:25:58,181,72,user_330
6371732,I hate Tesla,2024-12-01 17:25:58,262,31,user_226
7034283,"Elon Musk is all hype, no substance",2024-11-13 17:25:58,441,116,user_76
1436803,Elon will save us all,2024-11-19 17:25:58,168,26,user_279
2354504,Tesla stock is crashing,2024-12-04 17:25:58,158,112,user_190
8089724,Tesla's autopilot is a lifesaver,2024-12-05 17:25:58,494,157,user_345
8429821,"Elon Musk is all hype, no substance",2024-12-03 17:25:58,470,123,user_427
3242205,I hate Tesla,2024-11-08 17:25:58,478,81,user_392
5278605,Elon Musk should step down,2024-11-07 17:25:58,380,109,user_351
6527688,Tesla's autopilot is a lifesaver,2024-11-25 17:25:58,409,99,user_66
2421288,Tesla's quality control is terrible,2024-12-05 17:25:58,496,93,user_28
4795215,Tesla cars are overpriced,2024-11-06 17:25:58,419,92,user_75
6836971,Tesla's new factory opened,2024-11-28 17:25:58,101,188,user_448
2349461,Tesla's autopilot is a lifesaver,2024-11-10 17:25:58,57,82,user_438
6621404,Tesla is the future of energy,2024-11-21 17:25:58,395,101,user_22
5718841,Tesla stock is skyrocketing!,2024-11-19 17:25:58,231,62,user_122
1997023,"Thank you, Elon, for innovation",2024-12-04 17:25:58,57,147,user_468
2669596,Tesla stock is skyrocketing!,2024-11-18 17:25:58,196,137,user_249
3521022,"Elon Musk is all hype, no substance",2024-11-16 17:25:58,321,60,user_216
5111225,Tesla stock is crashing,2024-12-05 17:25:58,466,171,user_459
8218249,"Elon Musk is all hype, no substance",2024-11-28 17:25:58,146,24,user_147
4423627,Tesla has released a new update,2024-11-05 17:25:58,404,162,user_235
1439176,"Elon Musk is all hype, no substance",2024-11-15 17:25:58,239,31,user_249
2981933,Elon Musk is the greatest entrepreneur of our time,2024-11-15 17:25:58,443,72,user_445
7754317,Tesla products are unmatched,2024-11-20 17:25:58,6,35,user_204
5145044,I regret investing in Tesla,2024-11-10 17:25:58,28,37,user_253
2931726,"Thank you, Elon, for innovation",2024-12-05 17:25:58,70,176,user_260
5894232,Elon Musk is trending again,2024-12-03 17:25:58,84,56,user_414
3515725,I love my Tesla Model X,2024-11-25 17:25:58,311,184,user_193
1165649,Elon Musk is the greatest entrepreneur of our time,2024-12-01 17:25:58,423,122,user_356
7927082,Tesla stock is trading flat today,2024-11-29 17:25:58,490,111,user_489
6635358,"Thank you, Elon, for innovation",2024-11-16 17:25:58,314,164,user_201
6492736,Tesla stock is crashing,2024-11-10 17:25:58,323,87,user_397
7427970,Tesla has released a new update,2024-11-25 17:25:58,248,93,user_333
9240428,Tesla is the future of energy,2024-12-01 17:25:58,14,100,user_235
2781043,Tesla products are unmatched,2024-11-20 17:25:58,85,35,user_38
9813606,I regret investing in Tesla,2024-11-23 17:25:58,189,5,user_254
7700840,Tesla's quality control is terrible,2024-11-06 17:25:58,215,96,user_439
2301283,Tesla stock is trading flat today,2024-11-05 17:25:58,2,68,user_226
6810609,"Elon Musk is all hype, no substance",2024-11-22 17:25:58,254,180,user_342
5375808,"Thank you, Elon, for innovation",2024-11-09 17:25:58,26,186,user_161
4552545,"Thank you, Elon, for innovation",2024-11-12 17:25:58,400,10,user_17
6269800,Tesla is a scam,2024-11-22 17:25:58,404,133,user_338
6599999,I love my Tesla Model X,2024-11-30 17:25:58,491,155,user_96
8685424,I can’t wait to buy another Tesla,2024-12-02 17:25:58,257,19,user_311
6048194,I hate Tesla,2024-11-08 17:25:58,40,50,user_190
5542618,"Thank you, Elon, for innovation",2024-12-04 17:25:58,485,15,user_3
8317815,I regret investing in Tesla,2024-12-04 17:25:58,98,84,user_460
9195822,Tesla's quality control is terrible,2024-11-26 17:25:58,208,108,user_411
5875659,Tesla's quality control is terrible,2024-12-04 17:25:58,233,181,user_495
9635001,"Thank you, Elon, for innovation",2024-11-20 17:25:58,459,61,user_444
3552855,Tesla stock is crashing,2024-11-11 17:25:58,21,102,user_228
4981237,Tesla products are unmatched,2024-11-14 17:25:58,70,47,user_493
4033477,Tesla stock is crashing,2024-11-26 17:25:58,141,56,user_487
6819586,Tesla stock is skyrocketing!,2024-12-05 17:25:58,40,80,user_414
2442077,Elon will save us all,2024-11-15 17:25:58,173,54,user_212
6149257,Elon Musk is the greatest entrepreneur of our time,2024-11-21 17:25:58,257,180,user_352
6782909,Tesla is the future of energy,2024-11-28 17:25:58,80,193,user_490
4019214,I regret investing in Tesla,2024-11-16 17:25:58,288,159,user_62
3271920,Elon Musk is trending again,2024-11-25 17:25:58,342,193,user_271
7416503,Tesla products are unmatched,2024-11-23 17:25:58,81,125,user_311
4387812,Tesla is the future of energy,2024-11-09 17:25:58,360,124,user_253
3842312,Tesla stock is crashing,2024-11-08 17:25:58,109,199,user_356
8715463,Tesla's new factory opened,2024-12-03 17:25:58,135,14,user_319
3237504,Tesla products are unmatched,2024-11-22 17:25:58,240,92,user_30
7904738,Tesla stock is crashing,2024-12-02 17:25:58,125,163,user_98
4446506,Tesla's new factory opened,2024-11-19 17:25:58,372,33,user_368
7371873,Tesla products are unreliable,2024-11-15 17:25:58,144,166,user_473
7558174,Tesla's new factory opened,2024-11-21 17:25:58,41,82,user_105
8673712,Elon Musk is ruining everything,2024-11-11 17:25:58,156,57,user_181
7628165,I regret investing in Tesla,2024-11-29 17:25:58,102,195,user_85
2455784,I hate Tesla,2024-11-30 17:25:58,308,20,user_113
7691529,Tesla cars are overpriced,2024-11-27 17:25:58,185,75,user_187
3687725,Tesla just announced new features,2024-12-01 17:25:58,152,39,user_265
7743840,I love my Tesla Model X,2024-11-09 17:25:58,382,49,user_376
1933446,"Thank you, Elon, for innovation",2024-11-29 17:25:58,160,46,user_443
4116873,Tesla products are unreliable,2024-11-22 17:25:58,49,48,user_144
3749607,Elon Musk is trending again,2024-11-19 17:25:58,127,113,user_402
9223856,"Elon Musk is all hype, no substance",2024-12-02 17:25:58,309,74,user_26
7146856,I love my Tesla Model X,2024-11-17 17:25:58,289,128,user_445
7931738,Tesla is the best investment ever,2024-11-12 17:25:58,204,55,user_100
9156765,"Thank you, Elon, for innovation",2024-12-01 17:25:58,492,55,user_83
5739973,Tesla has a lot of potential,2024-11-21 17:25:58,60,184,user_110
4321328,Tesla just announced new features,2024-11-10 17:25:58,7,4,user_321
7880137,"Elon Musk is all hype, no substance",2024-12-05 17:25:58,331,65,user_179
1081056,Elon Musk is the greatest entrepreneur of our time,2024-11-13 17:25:58,251,20,user_304
3388836,Tesla cars are overpriced,2024-12-05 17:25:58,344,173,user_245
2500913,Tesla products are unmatched,2024-11-07 17:25:58,217,17,user_373
7328434,Tesla is the best investment ever,2024-11-28 17:25:58,354,194,user_367
1713942,Tesla cars are overpriced,2024-11-25 17:25:58,490,183,user_258
8238407,Tesla has a lot of potential,2024-11-08 17:25:58,235,0,user_48
6117209,I can’t wait to buy another Tesla,2024-11-16 17:25:58,285,56,user_307
4422782,Tesla's quality control is terrible,2024-11-05 17:25:58,64,105,user_227
6176905,Elon Musk is trending again,2024-11-16 17:25:58,2,145,user_97
2424551,Tesla is the best investment ever,2024-12-04 17:25:58,213,60,user_144
4514373,Tesla stock is skyrocketing!,2024-11-09 17:25:58,151,181,user_55
6046468,Tesla is a scam,2024-11-20 17:25:58,315,80,user_109
6206247,Tesla just announced new features,2024-12-01 17:25:58,417,2,user_65
5696606,Elon Musk is ruining everything,2024-11-12 17:25:58,226,89,user_293
8571320,Tesla has released a new update,2024-11-25 17:25:58,348,27,user_217
9123393,"Thank you, Elon, for innovation",2024-11-18 17:25:58,242,189,user_22
9644684,Elon will save us all,2024-11-15 17:25:58,441,7,user_143
7687110,I love my Tesla Model X,2024-11-16 17:25:58,191,134,user_27
7473749,I regret investing in Tesla,2024-11-24 17:25:58,92,25,user_194
9268606,Elon Musk should step down,2024-11-19 17:25:58,481,158,user_173
1812986,I regret investing in Tesla,2024-11-11 17:25:58,311,62,user_264
5929482,Tesla cars are overpriced,2024-11-26 17:25:58,300,112,user_150
4403234,Tesla is a scam,2024-11-28 17:25:58,470,50,user_83
7580430,Tesla is the best investment ever,2024-11-09 17:25:58,163,116,user_170
1642080,Many people are talking about Tesla products,2024-11-11 17:25:58,92,199,user_50
7713062,"Elon Musk is all hype, no substance",2024-11-25 17:25:58,225,151,user_216
6562001,I hate Tesla,2024-11-24 17:25:58,441,80,user_213
8144460,Tesla is the future of energy,2024-11-22 17:25:58,393,9,user_123
2091734,Tesla stock is crashing,2024-12-05 17:25:58,308,163,user_464
8442605,Elon Musk is the greatest entrepreneur of our time,2024-11-26 17:25:58,446,100,user_5
8299203,Tesla is the best investment ever,2024-12-04 17:25:58,18,101,user_108
8991335,Tesla cars are overpriced,2024-11-09 17:25:58,283,115,user_101
3234803,Tesla just announced new features,2024-12-04 17:25:58,451,64,user_99
9487062,Tesla is the best investment ever,2024-11-05 17:25:58,171,18,user_229
7746795,Many people are talking about Tesla products,2024-11-25 17:25:58,339,41,user_38
6096709,I can’t wait to buy another Tesla,2024-11-27 17:25:58,173,111,user_298
1291034,Tesla products are unreliable,2024-11-24 17:25:58,4,27,user_321
1991491,Tesla stock is skyrocketing!,2024-11-11 17:25:58,345,157,user_2
2598044,Tesla products are unreliable,2024-11-11 17:25:58,98,56,user_256
9426868,I regret investing in Tesla,2024-11-17 17:25:58,342,143,user_293
2014481,Elon will save us all,2024-11-11 17:25:58,476,69,user_288
7842169,Tesla cars are overpriced,2024-11-24 17:25:58,473,6,user_480
4220428,Tesla's new factory opened,2024-11-18 17:25:58,133,12,user_178
3934626,Tesla cars are overpriced,2024-12-05 17:25:58,346,161,user_110
7622908,Tesla products are unreliable,2024-11-22 17:25:58,243,87,user_169
6405251,Tesla's quality control is terrible,2024-11-13 17:25:58,152,145,user_59
4075179,Elon Musk is the greatest entrepreneur of our time,2024-12-04 17:25:58,500,97,user_125
3868902,Tesla just announced new features,2024-11-07 17:25:58,340,122,user_348
8533258,Elon Musk is trending again,2024-11-21 17:25:58,265,53,user_363
3566944,I love my Tesla Model X,2024-11-29 17:25:58,97,147,user_414
9725280,I hate Tesla,2024-11-07 17:25:58,220,52,user_325
8247310,Tesla's quality control is terrible,2024-11-27 17:25:58,278,48,user_8
4350852,Tesla has a lot of potential,2024-11-30 17:25:58,37,5,user_252
1356814,Tesla stock is skyrocketing!,2024-11-17 17:25:58,105,147,user_337
4265705,Tesla's quality control is terrible,2024-12-02 17:25:58,312,61,user_254
9131074,Tesla's new factory opened,2024-11-20 17:25:58,189,52,user_329
3304966,I regret investing in Tesla,2024-12-05 17:25:58,31,22,user_431
2370805,Tesla cars are overpriced,2024-11-22 17:25:58,7,37,user_48
5563910,Elon Musk is the greatest entrepreneur of our time,2024-12-05 17:25:58,445,192,user_244
5315717,Elon will save us all,2024-11-28 17:25:58,477,92,user_299
1014485,Tesla stock is crashing,2024-11-14 17:25:58,354,31,user_159
9223326,"Elon Musk is all hype, no substance",2024-11-18 17:25:58,305,39,user_97
3897944,Tesla stock is skyrocketing!,2024-11-29 17:25:58,311,161,user_4
1995084,Tesla is the future of energy,2024-11-15 17:25:58,71,177,user_225
6117877,"Elon Musk is all hype, no substance",2024-11-07 17:25:58,23,97,user_50
8255989,Elon Musk should step down,2024-12-03 17:25:58,133,24,user_193
7374604,Tesla's new factory opened,2024-11-20 17:25:58,414,101,user_97
8896518,Tesla's new factory opened,2024-11-13 17:25:58,22,74,user_390
3808823,Many people are talking about Tesla products,2024-11-26 17:25:58,122,50,user_83
6353012,Tesla products are unmatched,2024-11-29 17:25:58,60,186,user_184
5738971,Tesla's quality control is terrible,2024-11-16 17:25:58,271,50,user_9
5463572,Tesla's new factory opened,2024-12-01 17:25:58,59,93,user_139
4639475,Elon Musk is ruining everything,2024-12-04 17:25:58,335,1,user_348
1099367,Elon will save us all,2024-11-11 17:25:58,314,77,user_405
6657562,I love my Tesla Model X,2024-11-24 17:25:58,34,185,user_116
4154540,Elon Musk is the greatest entrepreneur of our time,2024-11-05 17:25:58,433,23,user_426
9106649,Tesla is the future of energy,2024-11-16 17:25:58,465,29,user_273
3216970,I regret investing in Tesla,2024-12-02 17:25:58,240,9,user_304
8228417,Elon Musk is trending again,2024-11-29 17:25:58,3,19,user_23
9745812,Many people are talking about Tesla products,2024-11-11 17:25:58,142,127,user_67
9813635,I regret investing in Tesla,2024-11-29 17:25:58,239,198,user_140
6788756,Tesla products are unmatched,2024-11-18 17:25:58,210,16,user_103
8003785,I love my Tesla Model X,2024-11-05 17:25:58,63,137,user_222
4432096,Tesla's quality control is terrible,2024-11-16 17:25:58,292,97,user_385
5135728,Tesla cars are overpriced,2024-11-23 17:25:58,146,146,user_497
9324221,Elon Musk is the greatest entrepreneur of our time,2024-11-13 17:25:58,6,17,user_277
3642088,Many people are talking about Tesla products,2024-11-24 17:25:58,243,31,user_185
6824078,Tesla just announced new features,2024-11-06 17:25:58,444,18,user_454
8445355,Tesla stock is crashing,2024-11-23 17:25:58,307,24,user_192
6537203,Tesla stock is skyrocketing!,2024-12-04 17:25:58,327,136,user_335
3728613,Tesla products are unmatched,2024-11-10 17:25:58,109,172,user_460
7443594,Tesla stock is trading flat today,2024-11-23 17:25:58,113,138,user_484
3072182,Elon Musk should step down,2024-11-13 17:25:58,4,119,user_461
9918861,Tesla stock is trading flat today,2024-11-25 17:25:58,495,26,user_458
5477729,I hate Tesla,2024-11-15 17:25:58,139,13,user_74
3401490,I regret investing in Tesla,2024-11-06 17:25:58,273,186,user_95
7357645,I love my Tesla Model X,2024-11-13 17:25:58,499,45,user_146
3017606,Tesla's new factory opened,2024-11-19 17:25:58,210,95,user_499
4357646,"Thank you, Elon, for innovation",2024-11-18 17:25:58,472,99,user_272
2995841,Tesla is a scam,2024-11-27 17:25:58,169,8,user_232
4114879,"Thank you, Elon, for innovation",2024-11-30 17:25:58,105,92,user_171
3154339,Many people are talking about Tesla products,2024-11-28 17:25:58,228,114,user_84
6370187,Elon will save us all,2024-11-06 17:25:58,380,199,user_454
5778076,Tesla products are unreliable,2024-11-12 17:25:58,380,77,user_313
3578296,Tesla's autopilot is a lifesaver,2024-11-30 17:25:58,331,63,user_368
4724501,Tesla's autopilot is a lifesaver,2024-11-27 17:25:58,71,199,user_201
6085633,"Elon Musk is all hype, no substance",2024-12-02 17:25:58,314,186,user_262
7263120,Tesla is the future of energy,2024-11-24 17:25:58,95,68,user_109
5725878,"Elon Musk is all hype, no substance",2024-11-10 17:25:58,495,132,user_38
1689657,Elon will save us all,2024-11-19 17:25:58,59,86,user_318
2909871,Elon Musk is trending again,2024-11-22 17:25:58,59,177,user_468
6702733,Tesla's new factory opened,2024-11-11 17:25:58,144,117,user_295
8427194,Tesla has a lot of potential,2024-11-14 17:25:58,12,65,user_185
6652645,Tesla is the best investment ever,2024-11-07 17:25:58,490,131,user_63
8811324,I love my Tesla Model X,2024-11-09 17:25:58,203,25,user_113
8215088,Tesla stock is skyrocketing!,2024-12-05 17:25:58,24,20,user_65
6049727,Elon will save us all,2024-11-13 17:25:58,470,11,user_199
2448796,Tesla's autopilot is a lifesaver,2024-11-10 17:25:58,254,132,user_225
1726654,Tesla products are unmatched,2024-11-27 17:25:58,0,155,user_461
3057401,Tesla has a lot of potential,2024-11-29 17:25:58,295,101,user_112
6772567,Elon will save us all,2024-11-07 17:25:58,325,115,user_22
6276412,Tesla just announced new features,2024-11-24 17:25:58,4,2,user_385
3020418,Tesla stock is skyrocketing!,2024-11-25 17:25:58,313,158,user_237
4113895,Many people are talking about Tesla products,2024-11-29 17:25:58,26,200,user_191
1419265,Elon Musk is trending again,2024-11-05 17:25:58,398,138,user_366
4104959,Tesla products are unreliable,2024-12-02 17:25:58,399,60,user_189
5589800,Tesla's quality control is terrible,2024-11-15 17:25:58,497,142,user_266
8142623,Tesla has released a new update,2024-12-02 17:25:58,12,164,user_229
2302700,Tesla just announced new features,2024-11-07 17:25:58,191,76,user_383
8141982,Tesla just announced new features,2024-12-03 17:25:58,490,93,user_419
8310916,Tesla stock is skyrocketing!,2024-11-24 17:25:58,496,18,user_50
1016585,Tesla stock is trading flat today,2024-11-29 17:25:58,412,132,user_454
3241323,I hate Tesla,2024-12-03 17:25:58,309,97,user_162
1337173,Elon Musk should step down,2024-12-02 17:25:58,77,52,user_413
9719885,Elon Musk is trending again,2024-11-28 17:25:58,442,62,user_421
8012728,Tesla's autopilot is a lifesaver,2024-11-20 17:25:58,291,42,user_102
7823407,Tesla's autopilot is a lifesaver,2024-12-05 17:25:58,303,165,user_244
8905569,Elon Musk is ruining everything,2024-12-03 17:25:58,44,12,user_155
8923401,Elon Musk should step down,2024-11-28 17:25:58,234,176,user_65
7190552,Tesla is a scam,2024-12-01 17:25:58,130,185,user_156
1364841,Elon will save us all,2024-11-08 17:25:58,96,1,user_84
8056597,I love my Tesla Model X,2024-11-21 17:25:58,374,42,user_443
8464970,Tesla's new factory opened,2024-11-08 17:25:58,381,135,user_378
9260805,Tesla products are unmatched,2024-11-21 17:25:58,435,71,user_341
2170729,Tesla cars are overpriced,2024-12-03 17:25:58,241,159,user_158
9738985,Many people are talking about Tesla products,2024-11-07 17:25:58,278,3,user_94
1667371,Tesla is the best investment ever,2024-11-18 17:25:58,110,138,user_132
9052533,Tesla is a scam,2024-11-15 17:25:58,249,41,user_66
9490616,Tesla products are unmatched,2024-11-22 17:25:58,419,110,user_289
4998830,I love my Tesla Model X,2024-11-11 17:25:58,160,136,user_313
5366641,"Elon Musk is all hype, no substance",2024-11-21 17:25:58,39,17,user_392
9455771,Tesla products are unreliable,2024-12-02 17:25:58,200,20,user_89
4763742,Tesla products are unmatched,2024-11-21 17:25:58,343,120,user_365
2443376,Tesla is the best investment ever,2024-12-04 17:25:58,455,172,user_190
6528288,Many people are talking about Tesla products,2024-11-29 17:25:58,94,28,user_185
4053072,I love my Tesla Model X,2024-11-28 17:25:58,290,42,user_49
5392093,Elon Musk is ruining everything,2024-11-30 17:25:58,441,180,user_472
3206524,Elon Musk is the greatest entrepreneur of our time,2024-11-07 17:25:58,259,110,user_290
7110357,Tesla just announced new features,2024-11-05 17:25:58,314,161,user_480
8817304,Tesla is the best investment ever,2024-11-11 17:25:58,187,52,user_40
2799738,I love my Tesla Model X,2024-11-08 17:25:58,114,34,user_344
5368657,Elon Musk is trending again,2024-11-15 17:25:58,103,124,user_277
7357910,Tesla has released a new update,2024-11-18 17:25:58,270,169,user_232
8083795,Tesla stock is trading flat today,2024-11-26 17:25:58,9,14,user_147
5265866,Tesla is the future of energy,2024-12-04 17:25:58,14,167,user_454
3956036,Tesla is the best investment ever,2024-11-21 17:25:58,492,16,user_495
3412181,I love my Tesla Model X,2024-11-24 17:25:58,243,98,user_168
6243207,Elon Musk should step down,2024-11-29 17:25:58,132,110,user_357
9262847,Elon will save us all,2024-11-15 17:25:58,279,175,user_261
7650529,Tesla stock is trading flat today,2024-11-26 17:25:58,385,4,user_385
4260766,Elon Musk is the greatest entrepreneur of our time,2024-11-13 17:25:58,454,73,user_432
5585811,Elon Musk is ruining everything,2024-12-02 17:25:58,384,196,user_489
1624783,Tesla cars are overpriced,2024-11-29 17:25:58,249,41,user_431
6355492,Tesla products are unmatched,2024-11-21 17:25:58,479,27,user_483
8033686,Tesla products are unreliable,2024-11-29 17:25:58,230,64,user_109
9433768,Tesla is the best investment ever,2024-11-15 17:25:58,13,133,user_349
5438716,Tesla's autopilot is a lifesaver,2024-11-17 17:25:58,470,98,user_138
6498611,Elon Musk should step down,2024-11-30 17:25:58,251,170,user_214
1881040,Tesla just announced new features,2024-12-04 17:25:58,314,83,user_236
7058373,I regret investing in Tesla,2024-11-12 17:25:58,31,7,user_125
3519010,Tesla is the best investment ever,2024-12-02 17:25:58,16,44,user_63
6174880,Tesla's quality control is terrible,2024-11-27 17:25:58,231,11,user_116
2598383,I regret investing in Tesla,2024-11-20 17:25:58,4,120,user_147
4704970,Tesla is the best investment ever,2024-12-01 17:25:58,130,18,user_145
1552508,Tesla is the future of energy,2024-11-25 17:25:58,439,66,user_277
1068090,I hate Tesla,2024-11-29 17:25:58,183,57,user_354
1824796,Elon will save us all,2024-11-15 17:25:58,182,158,user_486
7190888,Tesla is the best investment ever,2024-11-17 17:25:58,42,56,user_78
1730151,Tesla has released a new update,2024-11-26 17:25:58,306,138,user_151
7532622,Tesla's quality control is terrible,2024-11-15 17:25:58,156,33,user_448
3057137,Many people are talking about Tesla products,2024-11-08 17:25:58,147,116,user_404
3438388,Tesla stock is skyrocketing!,2024-11-19 17:25:58,475,52,user_19
6295323,I love my Tesla Model X,2024-11-05 17:25:58,109,112,user_233
9152088,"Thank you, Elon, for innovation",2024-12-03 17:25:58,18,47,user_34
9063227,Tesla is a scam,2024-11-06 17:25:58,91,19,user_64
1709624,I love my Tesla Model X,2024-11-08 17:25:58,182,24,user_272
6709528,Tesla stock is skyrocketing!,2024-11-11 17:25:58,219,178,user_432
2079307,Tesla cars are overpriced,2024-11-26 17:25:58,339,59,user_205
4707580,I hate Tesla,2024-12-03 17:25:58,459,40,user_127
7544612,Tesla is the future of energy,2024-11-09 17:25:58,402,20,user_380
8293590,Tesla stock is trading flat today,2024-12-02 17:25:58,443,110,user_107
8018126,Tesla is the best investment ever,2024-12-04 17:25:58,91,106,user_357
2297661,Tesla is the best investment ever,2024-11-23 17:25:58,220,123,user_145
4913834,Tesla's quality control is terrible,2024-11-21 17:25:58,233,147,user_357
4757888,Tesla's new factory opened,2024-11-17 17:25:58,361,187,user_289
2341534,I hate Tesla,2024-12-04 17:25:58,305,181,user_219
4528108,Tesla products are unreliable,2024-11-23 17:25:58,75,23,user_250
5235111,Tesla just announced new features,2024-11-14 17:25:58,232,155,user_202
5870685,Tesla stock is crashing,2024-11-21 17:25:58,38,41,user_493
7521018,Tesla is the best investment ever,2024-11-10 17:25:58,383,25,user_306
8160852,Elon Musk should step down,2024-11-20 17:25:58,83,118,user_472
6396271,Tesla stock is trading flat today,2024-11-11 17:25:58,345,73,user_93
6306937,Elon Musk is the greatest entrepreneur of our time,2024-11-11 17:25:58,393,44,user_122
7528256,"Elon Musk is all hype, no substance",2024-11-23 17:25:58,454,88,user_20
1099344,Tesla's quality control is terrible,2024-11-27 17:25:58,302,38,user_478
9123802,I can’t wait to buy another Tesla,2024-11-13 17:25:58,141,114,user_88
9027491,I love my Tesla Model X,2024-11-15 17:25:58,38,129,user_414
1640935,I love my Tesla Model X,2024-12-01 17:25:58,33,149,user_215
1873669,Elon will save us all,2024-11-14 17:25:58,457,121,user_466
3348614,Tesla stock is skyrocketing!,2024-11-14 17:25:58,376,31,user_178
4241572,Elon will save us all,2024-12-02 17:25:58,174,172,user_276
9143316,Elon will save us all,2024-11-27 17:25:58,337,133,user_22
6742436,I regret investing in Tesla,2024-11-05 17:25:58,290,147,user_88
6037169,Elon Musk is the greatest entrepreneur of our time,2024-12-05 17:25:58,100,103,user_101
7096777,Tesla just announced new features,2024-11-06 17:25:58,320,161,user_239
2036170,Tesla cars are overpriced,2024-11-16 17:25:58,303,34,user_340
3796634,Tesla stock is trading flat today,2024-11-25 17:25:58,99,106,user_106
8650459,Tesla's autopilot is a lifesaver,2024-11-28 17:25:58,380,36,user_263
8557537,Tesla has released a new update,2024-11-15 17:25:58,458,58,user_184
3082832,Elon will save us all,2024-11-11 17:25:58,24,156,user_173
5255571,I love my Tesla Model X,2024-11-23 17:25:58,362,15,user_192
1346419,I hate Tesla,2024-11-24 17:25:58,427,23,user_264
1716195,Elon Musk should step down,2024-11-16 17:25:58,469,19,user_370
3944433,"Elon Musk is all hype, no substance",2024-11-18 17:25:58,205,47,user_421
6636894,Elon Musk is trending again,2024-11-14 17:25:58,447,54,user_303
1040832,Tesla stock is crashing,2024-12-04 17:25:58,392,1,user_117
3437611,I can’t wait to buy another Tesla,2024-11-19 17:25:58,423,50,user_109
5569596,"Elon Musk is all hype, no substance",2024-12-04 17:25:58,43,164,user_303
3647585,Tesla stock is trading flat today,2024-11-08 17:25:58,91,125,user_403
6455149,Tesla is the future of energy,2024-11-30 17:25:58,481,102,user_443
5324754,Elon Musk is trending again,2024-11-22 17:25:58,348,171,user_400
8262800,Tesla stock is trading flat today,2024-11-22 17:25:58,170,129,user_45
3044235,Elon Musk should step down,2024-12-03 17:25:58,432,85,user_114
5276665,Tesla products are unreliable,2024-11-13 17:25:58,295,55,user_210
7997295,Elon will save us all,2024-11-22 17:25:58,83,90,user_391
4899058,Many people are talking about Tesla products,2024-12-03 17:25:58,410,135,user_284
7323701,Tesla has a lot of potential,2024-11-11 17:25:58,369,189,user_163
4814892,Tesla is the future of energy,2024-11-23 17:25:58,167,62,user_80
3782964,I hate Tesla,2024-11-09 17:25:58,284,22,user_385
5717005,Tesla products are unmatched,2024-11-17 17:25:58,422,27,user_361
6990228,Tesla has a lot of potential,2024-11-25 17:25:58,393,76,user_97
1296181,Elon Musk is trending again,2024-11-17 17:25:58,10,48,user_309
4856653,Tesla's autopilot is a lifesaver,2024-11-17 17:25:58,162,57,user_46
6410342,"Elon Musk is all hype, no substance",2024-12-03 17:25:58,494,186,user_42
5784862,Tesla products are unmatched,2024-11-16 17:25:58,170,104,user_211
6622352,I hate Tesla,2024-12-04 17:25:58,34,166,user_363
7417912,I regret investing in Tesla,2024-12-03 17:25:58,62,121,user_67
5177573,I love my Tesla Model X,2024-11-25 17:25:58,376,182,user_435
6275196,I hate Tesla,2024-11-28 17:25:58,191,100,user_494
8784676,Elon Musk is the greatest entrepreneur of our time,2024-12-04 17:25:58,66,182,user_197
5648068,Tesla's new factory opened,2024-11-19 17:25:58,433,47,user_354
7496381,Tesla just announced new features,2024-11-15 17:25:58,419,145,user_477
9932017,I regret investing in Tesla,2024-11-25 17:25:58,370,186,user_232
2990108,I love my Tesla Model X,2024-11-16 17:25:58,370,184,user_270
9757306,I hate Tesla,2024-12-05 17:25:58,490,1,user_293
9792260,Tesla is the future of energy,2024-11-23 17:25:58,6,151,user_379
3600745,Elon Musk is ruining everything,2024-11-05 17:25:58,156,50,user_422
2060447,Tesla has a lot of potential,2024-11-14 17:25:58,194,39,user_295
8062381,I hate Tesla,2024-12-02 17:25:58,22,133,user_490
1170812,I love my Tesla Model X,2024-11-19 17:25:58,478,2,user_411
4361246,Tesla cars are overpriced,2024-11-15 17:25:58,194,43,user_199
7098913,Tesla has released a new update,2024-11-26 17:25:58,237,185,user_236
4510781,Tesla's quality control is terrible,2024-11-22 17:25:58,340,137,user_256
8827923,I hate Tesla,2024-11-18 17:25:58,237,136,user_359
7935873,Tesla stock is trading flat today,2024-11-06 17:25:58,404,177,user_480
2777969,I can’t wait to buy another Tesla,2024-11-08 17:25:58,71,121,user_463
8975389,Elon will save us all,2024-11-12 17:25:58,283,129,user_393
7347494,Elon will save us all,2024-11-17 17:25:58,248,99,user_435
7572664,Tesla has a lot of potential,2024-11-09 17:25:58,496,61,user_466
3111484,Tesla products are unmatched,2024-11-13 17:25:58,68,94,user_488
3476843,Elon will save us all,2024-11-30 17:25:58,198,108,user_464
4606146,"Thank you, Elon, for innovation",2024-11-18 17:25:58,42,39,user_309
9580629,Tesla is the future of energy,2024-11-20 17:25:58,314,10,user_309
7723465,Tesla has a lot of potential,2024-11-19 17:25:58,329,125,user_231
1098601,I can’t wait to buy another Tesla,2024-11-30 17:25:58,474,181,user_374
7884985,"Thank you, Elon, for innovation",2024-12-05 17:25:58,339,122,user_334
6265458,I regret investing in Tesla,2024-11-12 17:25:58,118,135,user_276
5431064,"Thank you, Elon, for innovation",2024-12-01 17:25:58,171,72,user_441
1105948,Elon Musk is ruining everything,2024-11-23 17:25:58,217,121,user_394
2873661,I can’t wait to buy another Tesla,2024-12-05 17:25:58,139,182,user_45
4960104,Elon Musk is the greatest entrepreneur of our time,2024-12-02 17:25:58,475,181,user_495
5066253,Elon Musk is trending again,2024-12-04 17:25:58,163,197,user_33
1077471,Elon will save us all,2024-12-03 17:25:58,115,111,user_452
5143480,Tesla stock is skyrocketing!,2024-11-12 17:25:58,197,77,user_147
8144188,Tesla cars are overpriced,2024-11-07 17:25:58,295,189,user_87
5621382,Elon Musk is ruining everything,2024-11-05 17:25:58,143,174,user_198
1265766,Tesla just announced new features,2024-11-14 17:25:58,319,89,user_417
8794853,I hate Tesla,2024-11-07 17:25:58,33,180,user_219
4723012,Tesla cars are overpriced,2024-11-13 17:25:58,144,32,user_260
9465026,Elon Musk is trending again,2024-12-01 17:25:58,171,156,user_74
6207015,Elon will save us all,2024-11-25 17:25:58,22,133,user_189
4970340,Tesla has released a new update,2024-11-27 17:25:58,259,151,user_484
2886001,I love my Tesla Model X,2024-11-18 17:25:58,8,193,user_390
2993007,I can’t wait to buy another Tesla,2024-11-21 17:25:58,241,71,user_31
4228770,Elon Musk should step down,2024-11-06 17:25:58,298,107,user_160
1350332,Tesla's autopilot is a lifesaver,2024-11-26 17:25:58,424,109,user_386
1048542,I love my Tesla Model X,2024-11-25 17:25:58,462,13,user_293
7601461,Elon Musk is ruining everything,2024-11-14 17:25:58,322,168,user_43
4294723,Tesla is a scam,2024-11-29 17:25:58,218,42,user_413
5253030,Tesla products are unreliable,2024-11-24 17:25:58,470,35,user_257
8284041,Tesla just announced new features,2024-11-14 17:25:58,300,124,user_335
5625576,I regret investing in Tesla,2024-11-19 17:25:58,310,27,user_383
8369294,Tesla's quality control is terrible,2024-11-05 17:25:58,207,92,user_400
8610364,I love my Tesla Model X,2024-11-05 17:25:58,28,8,user_95
6696294,Tesla's autopilot is a lifesaver,2024-11-18 17:25:58,264,89,user_39
9632573,Elon Musk is ruining everything,2024-11-18 17:25:58,310,123,user_350
1681398,Tesla is a scam,2024-11-20 17:25:58,38,12,user_428
3867941,Tesla has released a new update,2024-11-24 17:25:58,287,88,user_469
3409701,"Elon Musk is all hype, no substance",2024-12-04 17:25:58,207,84,user_481
4174189,Tesla's autopilot is a lifesaver,2024-11-15 17:25:58,199,72,user_49
1393868,Elon Musk is ruining everything,2024-11-29 17:25:58,50,88,user_153
4446558,I hate Tesla,2024-12-03 17:25:58,249,173,user_117
2105559,Tesla's autopilot is a lifesaver,2024-11-14 17:25:58,65,195,user_436
4180138,Tesla stock is skyrocketing!,2024-11-25 17:25:58,467,173,user_318
3731379,Tesla's new factory opened,2024-11-30 17:25:58,203,170,user_457
5167524,Elon Musk should step down,2024-12-02 17:25:58,200,37,user_388
4701334,I can’t wait to buy another Tesla,2024-12-04 17:25:58,403,147,user_440
9578026,Elon Musk is trending again,2024-12-04 17:25:58,210,91,user_238
1037695,Tesla just announced new features,2024-12-02 17:25:58,303,183,user_395
7736773,Tesla stock is trading flat today,2024-11-05 17:25:58,389,166,user_109
7398383,Tesla is a scam,2024-12-01 17:25:58,36,196,user_295
3916366,Tesla's autopilot is a lifesaver,2024-11-14 17:25:58,392,9,user_81
8258268,Tesla's new factory opened,2024-11-16 17:25:58,103,117,user_81
3589012,Tesla is the best investment ever,2024-12-03 17:25:58,190,85,user_50
5917369,I love my Tesla Model X,2024-11-22 17:25:58,65,195,user_114
5472268,Elon Musk is trending again,2024-12-02 17:25:58,443,157,user_402
1161933,Tesla's quality control is terrible,2024-11-11 17:25:58,357,154,user_98
3803310,Tesla is the future of energy,2024-11-12 17:25:58,331,110,user_65
8178119,Tesla's quality control is terrible,2024-11-30 17:25:58,267,129,user_223
9106566,"Thank you, Elon, for innovation",2024-11-24 17:25:58,390,88,user_460
6383425,Tesla's quality control is terrible,2024-11-29 17:25:58,334,187,user_293
4413420,Tesla's quality control is terrible,2024-11-06 17:25:58,285,0,user_21
9072149,I regret investing in Tesla,2024-11-12 17:25:58,382,121,user_3
2682666,Tesla's new factory opened,2024-11-24 17:25:58,418,79,user_221
3435402,Elon Musk is trending again,2024-11-19 17:25:58,107,163,user_148
4955419,Tesla stock is crashing,2024-11-27 17:25:58,98,114,user_150
1414899,"Thank you, Elon, for innovation",2024-11-09 17:25:58,159,13,user_185
9063736,Tesla is the future of energy,2024-11-12 17:25:58,253,18,user_276
2663660,"Elon Musk is all hype, no substance",2024-11-26 17:25:58,490,192,user_377
5848642,Tesla's autopilot is a lifesaver,2024-12-02 17:25:58,257,183,user_112
3789548,Tesla's quality control is terrible,2024-11-25 17:25:58,355,197,user_38
3198729,Tesla has released a new update,2024-11-12 17:25:58,270,8,user_232
4857086,Tesla just announced new features,2024-12-04 17:25:58,175,7,user_261
6978623,Tesla stock is skyrocketing!,2024-11-21 17:25:58,106,166,user_492
5850502,Tesla has released a new update,2024-11-05 17:25:58,67,80,user_205
6753188,Elon will save us all,2024-11-20 17:25:58,422,144,user_87
8660462,Tesla products are unreliable,2024-11-21 17:25:58,76,89,user_21
9963114,Tesla cars are overpriced,2024-12-01 17:25:58,54,164,user_492
6533291,"Elon Musk is all hype, no substance",2024-11-28 17:25:58,393,148,user_415
1655422,Tesla stock is crashing,2024-11-08 17:25:58,456,64,user_220
6502904,"Thank you, Elon, for innovation",2024-11-18 17:25:58,344,97,user_156
2004950,I regret investing in Tesla,2024-11-16 17:25:58,368,107,user_196
5984946,Tesla stock is skyrocketing!,2024-11-10 17:25:58,75,32,user_336
3288885,Tesla products are unreliable,2024-11-29 17:25:58,215,153,user_46
4580947,Tesla products are unreliable,2024-11-08 17:25:58,463,112,user_397
4707777,Elon will save us all,2024-11-17 17:25:58,467,92,user_447
8160491,Many people are talking about Tesla products,2024-11-17 17:25:58,100,4,user_87
8521930,Tesla is the best investment ever,2024-11-12 17:25:58,217,32,user_220
8677747,I regret investing in Tesla,2024-11-19 17:25:58,87,107,user_207
8080102,Tesla is a scam,2024-11-16 17:25:58,60,22,user_405
2366399,Tesla stock is trading flat today,2024-11-06 17:25:58,477,191,user_314
5415660,Tesla stock is trading flat today,2024-11-22 17:25:58,2,180,user_316
8148265,Tesla's autopilot is a lifesaver,2024-12-02 17:25:58,91,173,user_124
2955208,Tesla's autopilot is a lifesaver,2024-11-17 17:25:58,61,46,user_472
5580783,"Thank you, Elon, for innovation",2024-11-18 17:25:58,456,50,user_116
3516370,Tesla is the best investment ever,2024-11-22 17:25:58,302,193,user_267
6994193,Tesla is a scam,2024-11-07 17:25:58,444,43,user_318
4510118,Elon Musk should step down,2024-11-25 17:25:58,297,18,user_160
2858333,Tesla cars are overpriced,2024-11-25 17:25:58,37,98,user_260
4709727,Tesla's autopilot is a lifesaver,2024-11-05 17:25:58,477,174,user_298
6934354,Tesla is the future of energy,2024-11-19 17:25:58,232,127,user_148
4814551,"Thank you, Elon, for innovation",2024-11-15 17:25:58,121,177,user_360
1570775,I love my Tesla Model X,2024-11-28 17:25:58,291,79,user_119
2879750,Tesla cars are overpriced,2024-11-29 17:25:58,163,41,user_258
4916098,Tesla has released a new update,2024-11-18 17:25:58,62,145,user_335
1920901,"Thank you, Elon, for innovation",2024-11-09 17:25:58,398,187,user_163
8294732,Tesla has released a new update,2024-11-24 17:25:58,446,109,user_282
9241699,"Elon Musk is all hype, no substance",2024-11-11 17:25:58,14,72,user_31
6668205,Tesla's new factory opened,2024-11-07 17:25:58,66,124,user_310
1608648,Elon Musk is trending again,2024-11-23 17:25:58,176,66,user_130
5068329,Elon Musk is ruining everything,2024-11-30 17:25:58,434,58,user_370
5421643,Tesla stock is trading flat today,2024-11-24 17:25:58,93,161,user_497
1665048,I love my Tesla Model X,2024-11-29 17:25:58,60,196,user_237
1501752,Many people are talking about Tesla products,2024-11-20 17:25:58,484,36,user_25
5313555,Tesla's autopilot is a lifesaver,2024-12-05 17:25:58,56,45,user_496
5956956,Elon Musk is ruining everything,2024-11-28 17:25:58,94,195,user_41
1035267,Tesla just announced new features,2024-11-09 17:25:58,89,36,user_171
4997525,Tesla is a scam,2024-12-02 17:25:58,380,122,user_225
4836434,I love my Tesla Model X,2024-11-10 17:25:58,82,60,user_226
2711389,Tesla stock is skyrocketing!,2024-11-23 17:25:58,191,129,user_367
6651645,Elon Musk is trending again,2024-11-17 17:25:58,175,142,user_371
1663755,Elon Musk is ruining everything,2024-11-17 17:25:58,166,114,user_332
9435532,Tesla stock is skyrocketing!,2024-11-14 17:25:58,479,200,user_412
6181390,Tesla's autopilot is a lifesaver,2024-11-07 17:25:58,239,183,user_332
7704679,Tesla's quality control is terrible,2024-12-03 17:25:58,434,47,user_113
6620678,Tesla is the future of energy,2024-12-01 17:25:58,474,71,user_202
2169622,Tesla just announced new features,2024-11-16 17:25:58,115,24,user_221
1286464,I hate Tesla,2024-11-06 17:25:58,366,136,user_350
8994413,Elon Musk is trending again,2024-11-06 17:25:58,187,198,user_33
8590804,Tesla just announced new features,2024-12-01 17:25:58,278,43,user_478
9640672,Tesla is the best investment ever,2024-11-18 17:25:58,448,74,user_485
1353886,Tesla just announced new features,2024-11-16 17:25:58,351,84,user_106
8764870,I regret investing in Tesla,2024-11-12 17:25:58,15,31,user_359
4030388,Elon Musk should step down,2024-11-23 17:25:58,304,87,user_366
5980256,I hate Tesla,2024-11-10 17:25:58,466,146,user_464
7263604,I regret investing in Tesla,2024-11-05 17:25:58,21,86,user_403
8727293,I love my Tesla Model X,2024-11-27 17:25:58,447,75,user_447
7781430,Tesla is the best investment ever,2024-11-12 17:25:58,138,96,user_176
2929892,Tesla stock is trading flat today,2024-12-05 17:25:58,232,180,user_450
5179961,Tesla's quality control is terrible,2024-11-11 17:25:58,22,27,user_279
9666384,Tesla is the best investment ever,2024-11-09 17:25:58,150,56,user_374
6165005,Tesla is the best investment ever,2024-12-01 17:25:58,281,145,user_460
2591977,Elon Musk is the greatest entrepreneur of our time,2024-11-15 17:25:58,349,112,user_67
5395458,Elon Musk should step down,2024-11-16 17:25:58,3,151,user_275
1682824,Tesla's new factory opened,2024-11-30 17:25:58,153,9,user_263
1531415,Tesla stock is skyrocketing!,2024-11-28 17:25:58,69,180,user_38
8446892,Tesla is a scam,2024-11-21 17:25:58,14,183,user_388
1664688,Elon Musk is trending again,2024-11-07 17:25:58,87,52,user_485
2234478,Tesla is the future of energy,2024-11-17 17:25:58,193,130,user_495
3317883,"Elon Musk is all hype, no substance",2024-11-20 17:25:58,61,167,user_269
6045984,"Elon Musk is all hype, no substance",2024-11-30 17:25:58,421,36,user_380
3746526,Tesla's autopilot is a lifesaver,2024-11-16 17:25:58,326,186,user_189
4593633,Many people are talking about Tesla products,2024-11-17 17:25:58,22,108,user_320
6973569,Tesla cars are overpriced,2024-11-15 17:25:58,36,182,user_489
7418060,Tesla is a scam,2024-11-20 17:25:58,9,128,user_88
5330904,I can’t wait to buy another Tesla,2024-11-07 17:25:58,224,5,user_467
7015350,I regret investing in Tesla,2024-11-14 17:25:58,210,69,user_28
1359810,Tesla stock is skyrocketing!,2024-11-06 17:25:58,314,90,user_63
2463063,Tesla has released a new update,2024-11-09 17:25:58,322,26,user_79
1442498,Tesla's quality control is terrible,2024-11-06 17:25:58,41,129,user_425
8429559,Elon Musk should step down,2024-11-29 17:25:58,475,66,user_146
5049424,"Thank you, Elon, for innovation",2024-11-13 17:25:58,428,170,user_159
1300390,Tesla is a scam,2024-11-06 17:25:58,348,158,user_197
3293999,"Thank you, Elon, for innovation",2024-11-19 17:25:58,357,200,user_301
9457814,Tesla products are unreliable,2024-11-17 17:25:58,196,115,user_2
2759985,Tesla is the future of energy,2024-11-21 17:25:58,250,192,user_143
7173585,Elon Musk should step down,2024-11-30 17:25:58,447,98,user_474
4056482,Elon Musk is trending again,2024-11-08 17:25:58,426,153,user_387
3634928,I love my Tesla Model X,2024-11-26 17:25:58,297,132,user_389
7147214,"Thank you, Elon, for innovation",2024-12-03 17:25:58,315,16,user_432
1535823,Tesla has released a new update,2024-11-26 17:25:58,247,64,user_444
3652742,Tesla just announced new features,2024-11-22 17:25:58,147,36,user_18
6702937,Tesla stock is crashing,2024-11-05 17:25:58,16,58,user_352
1403793,I can’t wait to buy another Tesla,2024-11-30 17:25:58,329,44,user_278
2240234,Tesla's quality control is terrible,2024-12-05 17:25:58,305,58,user_451
1557107,Tesla products are unmatched,2024-11-15 17:25:58,172,175,user_425
6868271,I love my Tesla Model X,2024-11-28 17:25:58,456,154,user_118
8111744,I love my Tesla Model X,2024-11-23 17:25:58,335,110,user_470
3355753,"Thank you, Elon, for innovation",2024-11-23 17:25:58,210,54,user_219
8856635,Tesla stock is skyrocketing!,2024-12-04 17:25:58,231,15,user_208
1699369,Tesla products are unreliable,2024-12-02 17:25:58,440,11,user_83
8585226,I hate Tesla,2024-11-06 17:25:58,16,63,user_463
7882422,Tesla cars are overpriced,2024-12-05 17:25:58,73,127,user_446
8113326,Tesla stock is crashing,2024-11-23 17:25:58,420,185,user_99
1376261,Many people are talking about Tesla products,2024-12-01 17:25:58,302,87,user_326
7363220,Tesla's quality control is terrible,2024-11-08 17:25:58,250,164,user_264
5251960,I regret investing in Tesla,2024-11-25 17:25:58,84,149,user_133
7824102,Tesla has a lot of potential,2024-11-23 17:25:58,50,43,user_200
6681322,Tesla has released a new update,2024-11-16 17:25:58,468,106,user_199
4425456,Elon Musk is ruining everything,2024-11-30 17:25:58,103,108,user_386
5543159,"Thank you, Elon, for innovation",2024-12-05 17:25:58,241,118,user_417
2766165,Elon Musk is the greatest entrepreneur of our time,2024-11-19 17:25:58,247,76,user_481
3050870,I can’t wait to buy another Tesla,2024-11-10 17:25:58,334,29,user_55
6334845,"Thank you, Elon, for innovation",2024-11-21 17:25:58,375,187,user_396
1245887,Tesla stock is crashing,2024-11-13 17:25:58,6,35,user_116
2241477,I hate Tesla,2024-11-10 17:25:58,420,165,user_51
8663081,Tesla's new factory opened,2024-12-01 17:25:58,119,162,user_166
5231075,Tesla stock is skyrocketing!,2024-11-06 17:25:58,216,21,user_435
3175297,Tesla has a lot of potential,2024-11-06 17:25:58,20,116,user_188
3032253,I regret investing in Tesla,2024-11-08 17:25:58,454,111,user_429
5828160,Tesla's new factory opened,2024-11-25 17:25:58,20,170,user_418
5924858,I regret investing in Tesla,2024-11-15 17:25:58,123,167,user_12
3878724,Elon Musk is trending again,2024-11-16 17:25:58,12,94,user_89
9961705,Tesla products are unmatched,2024-11-21 17:25:58,47,27,user_264
8852069,Tesla is a scam,2024-11-14 17:25:58,456,45,user_100
8221018,I can’t wait to buy another Tesla,2024-11-08 17:25:58,286,28,user_90
2720688,"Elon Musk is all hype, no substance",2024-11-11 17:25:58,382,63,user_295
1893338,I regret investing in Tesla,2024-12-02 17:25:58,439,188,user_246
7901275,"Elon Musk is all hype, no substance",2024-12-04 17:25:58,226,83,user_428
4633210,Tesla products are unmatched,2024-11-20 17:25:58,493,114,user_235
2025630,Tesla just announced new features,2024-11-08 17:25:58,429,71,user_478
4321547,"Thank you, Elon, for innovation",2024-11-15 17:25:58,454,16,user_274
6461877,Tesla cars are overpriced,2024-11-18 17:25:58,141,126,user_151
2467144,I regret investing in Tesla,2024-11-19 17:25:58,242,93,user_281
4221842,Tesla just announced new features,2024-11-16 17:25:58,262,186,user_457
4521592,Elon Musk is ruining everything,2024-11-25 17:25:58,135,88,user_307
9108148,Elon Musk should step down,2024-11-26 17:25:58,301,155,user_53
6560917,Tesla's new factory opened,2024-11-23 17:25:58,259,124,user_22
9578540,I hate Tesla,2024-11-18 17:25:58,256,43,user_460
9432211,I love my Tesla Model X,2024-11-23 17:25:58,465,177,user_258
9924420,"Elon Musk is all hype, no substance",2024-12-02 17:25:58,318,192,user_168
6076775,Tesla just announced new features,2024-11-23 17:25:58,370,164,user_395
6435006,I regret investing in Tesla,2024-11-17 17:25:58,221,96,user_398
4467181,I love my Tesla Model X,2024-11-09 17:25:58,134,114,user_287
5065273,Tesla cars are overpriced,2024-11-28 17:25:58,235,13,user_372
4652392,Tesla has released a new update,2024-11-29 17:25:58,141,83,user_373
8484216,Tesla stock is trading flat today,2024-11-12 17:25:58,349,184,user_276
8078187,Tesla stock is crashing,2024-11-28 17:25:58,306,62,user_381
3476318,Tesla cars are overpriced,2024-11-12 17:25:58,418,148,user_482
7594477,Tesla stock is trading flat today,2024-11-12 17:25:58,12,124,user_348
4662750,Tesla stock is crashing,2024-12-02 17:25:58,86,199,user_137
7002048,Elon will save us all,2024-11-11 17:25:58,315,148,user_458
6234836,Elon Musk should step down,2024-12-03 17:25:58,258,117,user_345
2687690,I hate Tesla,2024-12-04 17:25:58,401,7,user_433
4228641,I love my Tesla Model X,2024-11-30 17:25:58,162,129,user_307
7359179,Elon will save us all,2024-11-19 17:25:58,236,91,user_448
5483489,"Elon Musk is all hype, no substance",2024-11-26 17:25:58,213,87,user_73
5194095,Tesla stock is trading flat today,2024-12-02 17:25:58,118,196,user_491
1676373,"Thank you, Elon, for innovation",2024-11-20 17:25:58,222,138,user_301
3284022,Elon Musk is trending again,2024-11-06 17:25:58,35,91,user_33
9764342,Tesla stock is trading flat today,2024-12-05 17:25:58,373,28,user_32
2897294,Elon Musk is the greatest entrepreneur of our time,2024-11-21 17:25:58,250,124,user_430
9929759,Many people are talking about Tesla products,2024-12-05 17:25:58,48,94,user_106
1670553,I love my Tesla Model X,2024-12-03 17:25:58,481,55,user_74
5646868,Tesla is the best investment ever,2024-11-22 17:25:58,122,85,user_166
1116616,Tesla stock is skyrocketing!,2024-11-12 17:25:58,345,7,user_223
1094381,Tesla's autopilot is a lifesaver,2024-11-23 17:25:58,267,190,user_281
5468883,Tesla products are unreliable,2024-11-30 17:25:58,427,3,user_203
5704066,I hate Tesla,2024-11-29 17:25:58,337,10,user_82
1100645,Elon Musk should step down,2024-11-16 17:25:58,369,108,user_42
6202858,Tesla just announced new features,2024-11-15 17:25:58,348,28,user_472
7943279,Tesla products are unreliable,2024-11-25 17:25:58,468,198,user_237
5647521,Elon Musk should step down,2024-11-20 17:25:58,120,157,user_239
1597193,I love my Tesla Model X,2024-11-21 17:25:58,131,115,user_308
9704717,Tesla is the best investment ever,2024-11-19 17:25:58,180,102,user_490
9067440,Tesla's quality control is terrible,2024-11-21 17:25:58,430,34,user_402
3241153,"Elon Musk is all hype, no substance",2024-11-24 17:25:58,117,81,user_301
6269486,"Thank you, Elon, for innovation",2024-11-21 17:25:58,168,59,user_381
6844261,Tesla just announced new features,2024-12-03 17:25:58,379,106,user_309
6536792,Tesla has a lot of potential,2024-12-01 17:25:58,325,24,user_106
3228149,I can’t wait to buy another Tesla,2024-11-12 17:25:58,437,112,user_129
9586410,Tesla cars are overpriced,2024-11-24 17:25:58,410,141,user_151
1881147,Tesla has released a new update,2024-11-14 17:25:58,367,116,user_52
6768973,Elon Musk is the greatest entrepreneur of our time,2024-11-16 17:25:58,184,56,user_167
2483221,Tesla cars are overpriced,2024-11-06 17:25:58,375,63,user_348
6140737,Tesla stock is trading flat today,2024-11-26 17:25:58,398,191,user_126
5458092,Elon Musk is the greatest entrepreneur of our time,2024-11-09 17:25:58,168,176,user_322
3404746,Tesla's new factory opened,2024-11-25 17:25:58,372,125,user_12
7306252,Tesla just announced new features,2024-11-27 17:25:58,418,192,user_103
8091970,Tesla is the best investment ever,2024-11-09 17:25:58,81,173,user_120
6489364,Tesla is a scam,2024-11-08 17:25:58,307,187,user_113
3185438,Tesla just announced new features,2024-11-05 17:25:58,38,146,user_175
8799890,Elon Musk is trending again,2024-11-17 17:25:58,219,72,user_106
7721795,"Thank you, Elon, for innovation",2024-11-06 17:25:58,456,49,user_459
7718943,Tesla is the best investment ever,2024-11-09 17:25:58,393,72,user_326
7106113,Elon Musk should step down,2024-11-07 17:25:58,300,149,user_223
6505240,Elon Musk is the greatest entrepreneur of our time,2024-12-02 17:25:58,249,154,user_32
4982612,Tesla cars are overpriced,2024-12-03 17:25:58,385,194,user_453
7237159,Elon will save us all,2024-11-09 17:25:58,51,183,user_173
7252916,Tesla stock is crashing,2024-11-17 17:25:58,1,36,user_224
6624063,Tesla's new factory opened,2024-11-07 17:25:58,202,105,user_115
6305940,Elon will save us all,2024-11-15 17:25:58,442,95,user_153
7304913,Tesla products are unmatched,2024-12-03 17:25:58,34,117,user_343
7537999,Tesla's new factory opened,2024-11-20 17:25:58,304,123,user_302
6240140,I regret investing in Tesla,2024-11-14 17:25:58,485,48,user_73
1309574,Tesla cars are overpriced,2024-11-05 17:25:58,230,173,user_443
1134861,Tesla has a lot of potential,2024-11-20 17:25:58,165,74,user_73
5868069,Tesla products are unreliable,2024-12-03 17:25:58,131,22,user_482
1232441,Tesla's quality control is terrible,2024-12-03 17:25:58,79,94,user_430
4450187,Tesla's quality control is terrible,2024-12-05 17:25:58,53,99,user_153
7288207,Tesla is a scam,2024-11-09 17:25:58,159,94,user_80
2320468,Tesla's new factory opened,2024-11-07 17:25:58,273,147,user_5
6234409,I love my Tesla Model X,2024-11-09 17:25:58,211,103,user_56
4860153,I regret investing in Tesla,2024-11-18 17:25:58,294,149,user_462
9386944,Tesla's quality control is terrible,2024-12-03 17:25:58,135,48,user_405
3033133,I hate Tesla,2024-11-13 17:25:58,212,154,user_366
6841313,Tesla stock is trading flat today,2024-11-09 17:25:58,154,173,user_188
3572598,Elon Musk is the greatest entrepreneur of our time,2024-12-05 17:25:58,314,3,user_416
3911235,Tesla's quality control is terrible,2024-11-25 17:25:58,137,65,user_18
9502414,Elon Musk is trending again,2024-11-20 17:25:58,100,147,user_364
7149137,Tesla stock is crashing,2024-11-14 17:25:58,176,31,user_419
2743013,Tesla cars are overpriced,2024-11-09 17:25:58,297,171,user_266
9517119,Elon Musk is trending again,2024-12-02 17:25:58,439,146,user_381
6585045,Tesla's quality control is terrible,2024-12-02 17:25:58,75,173,user_40
1497529,Elon Musk is trending again,2024-11-21 17:25:58,143,190,user_71
1710125,Tesla stock is skyrocketing!,2024-11-06 17:25:58,340,104,user_10
5487659,I can’t wait to buy another Tesla,2024-11-14 17:25:58,69,109,user_231
7496739,Tesla stock is crashing,2024-11-23 17:25:58,262,119,user_449
3212181,Tesla is the best investment ever,2024-11-16 17:25:58,324,67,user_369
1786513,Tesla products are unreliable,2024-11-22 17:25:58,390,191,user_142
3837684,Elon Musk is the greatest entrepreneur of our time,2024-11-06 17:25:58,152,96,user_352
2542575,I regret investing in Tesla,2024-11-16 17:25:58,5,96,user_443
8932085,Tesla is a scam,2024-11-13 17:25:58,186,131,user_73
1853599,Many people are talking about Tesla products,2024-11-26 17:25:58,467,164,user_335
7344691,I love my Tesla Model X,2024-11-20 17:25:58,363,142,user_201
6047251,Tesla stock is skyrocketing!,2024-11-07 17:25:58,42,6,user_62
5828886,Tesla just announced new features,2024-11-24 17:25:58,360,55,user_196
4218557,Tesla has released a new update,2024-11-21 17:25:58,408,131,user_428
3996137,Tesla's autopilot is a lifesaver,2024-11-09 17:25:58,185,115,user_141
5652142,"Elon Musk is all hype, no substance",2024-11-06 17:25:58,322,84,user_155
9295366,Tesla products are unmatched,2024-11-27 17:25:58,470,11,user_70
4692256,Tesla stock is crashing,2024-11-13 17:25:58,339,194,user_16
7979626,Tesla is the future of energy,2024-11-09 17:25:58,239,142,user_278
9672933,Tesla stock is skyrocketing!,2024-12-03 17:25:58,59,10,user_13
8391319,Tesla stock is crashing,2024-11-21 17:25:58,490,17,user_259
4652361,Tesla has a lot of potential,2024-11-08 17:25:58,359,12,user_169
6410384,Elon Musk is trending again,2024-11-21 17:25:58,304,153,user_308
2241200,Tesla's quality control is terrible,2024-11-29 17:25:58,258,46,user_277
6402414,Tesla's quality control is terrible,2024-11-11 17:25:58,37,8,user_444
9570221,Tesla just announced new features,2024-11-22 17:25:58,5,113,user_339
9671722,Elon Musk is the greatest entrepreneur of our time,2024-11-13 17:25:58,79,140,user_258
8095988,Tesla just announced new features,2024-11-28 17:25:58,100,86,user_235
1863219,Many people are talking about Tesla products,2024-12-04 17:25:58,298,120,user_449
9131132,Elon Musk is the greatest entrepreneur of our time,2024-11-07 17:25:58,226,152,user_392
7649684,Tesla is the best investment ever,2024-11-14 17:25:58,50,100,user_327
6460389,Tesla's quality control is terrible,2024-11-09 17:25:58,417,23,user_66
5141615,Elon Musk is the greatest entrepreneur of our time,2024-12-02 17:25:58,113,166,user_148
1506579,Tesla cars are overpriced,2024-11-06 17:25:58,336,15,user_458
9978264,Tesla has a lot of potential,2024-11-18 17:25:58,246,67,user_324
2564704,Tesla has a lot of potential,2024-12-05 17:25:58,422,79,user_264
2007423,Tesla is the best investment ever,2024-11-17 17:25:58,192,110,user_457
4609345,Elon Musk is trending again,2024-11-28 17:25:58,416,102,user_441
